metric,test,control_n,treatment_n,control_value,treatment_value,difference,relative_lift,test_statistic,p_value,ci_low,ci_high
visited_landing_page,Two-proportion z-test,693.0,715.0,0.6363636363636364,0.7258741258741259,0.08951048951048957,0.14065934065934074,3.605124557754294,0.00031200324888526357,0.0410143451129896,0.13800663390798953
started_trial,Two-proportion z-test,693.0,715.0,0.2510822510822511,0.2909090909090909,0.03982683982683982,0.1586206896551724,1.6803178898523567,0.09289548214874634,-0.0065488812035643315,0.08620256085724398
completed_onboarding,Two-proportion z-test,693.0,715.0,0.15584415584415584,0.2125874125874126,0.056743256743256754,0.3641025641025642,2.7433271765991725,0.006082005361833192,0.01638657230380322,0.09709994118271029
converted_to_paid,Two-proportion z-test,693.0,715.0,0.031746031746031744,0.06993006993006994,0.03818403818403819,1.2027972027972031,3.251871261660156,0.0011464793738873364,0.015383910734102571,0.06098416563397381
refund_requested,Two-proportion z-test,693.0,715.0,0.0,0.004195804195804196,0.004195804195804196,,1.707015203027523,0.08781922666829657,-0.0005422239124025872,0.008933832304010979
revenue_30d,Welch two-sample t-test,693.0,715.0,51.74932178932179,53.87511888111888,2.1257970917970894,0.041078743030710345,0.10511190704810755,0.9163072035892387,,
support_tickets_30d,Welch two-sample t-test,693.0,715.0,0.21933621933621933,0.37202797202797205,0.15269175269175272,0.6961538461538463,4.228668458825138,2.508519250663496e-05,,
engagement_score,Welch two-sample t-test,687.0,707.0,57.02620087336245,62.93196605374823,5.905765180385785,0.10356231153291559,7.945370959261536,3.966212823339582e-15,,
days_to_convert (converted_to_paid == 1),Welch two-sample t-test,22.0,50.0,8.863636363636363,6.4,-2.463636363636363,-0.2779487179487179,-2.800410578527959,0.008328506647409943,,
