experiment_group,users,landing_page_rate,trial_start_rate,onboarding_completion_rate,paid_conversion_rate,revenue_30d_mean,revenue_30d_total,support_tickets_mean,refund_rate,engagement_score_mean
Control,693,0.6363636363636364,0.2510822510822511,0.15584415584415584,0.031746031746031744,51.74932178932179,35862.28,0.21933621933621933,0.0,57.02620087336245
Treatment,715,0.7258741258741259,0.2909090909090909,0.2125874125874126,0.06993006993006994,53.87511888111888,38520.71,0.37202797202797205,0.004195804195804196,62.93196605374823
